{"is_source_file": true, "format": "TypeScript/TSX", "description": "A React component page for displaying a detailed article, including metadata generation, static props, image rendering, and markdown content handling within a Next.js application.", "external_files": ["next/link", "next/image", "next/navigation", "react", "markdown-to-jsx", "@/components/Tag", "@/lib/posts"], "external_methods": ["getAllPostSlugs", "getPostBySlug", "notFound"], "published": ["generateStaticParams", "generateMetadata"], "classes": [], "methods": [{"name": "generateStaticParams", "description": "Returns static parameters for pre-rendering, by mapping all post slugs."}, {"name": "generateMetadata", "description": "Fetches post data by slug to generate dynamic metadata for SEO and social sharing."}], "calls": ["getAllPostSlugs()", "getPostBySlug(slug)", "notFound()"], "search-terms": ["page.tsx", "article", "metadata", "PostSlugs", "Markdown", "Next.js page"], "state": 2, "file_id": 25, "knowledge_revision": 63, "git_revision": "", "ctags": [], "hash": "0381ab4d04b631a4be527e92d5b68e45", "format-version": 4, "code-base-name": "betterify_frontend", "filename": "betterify_frontend/src/app/articles/[slug]/page.tsx", "revision_history": [{"63": ""}]}