{"is_source_file": true, "format": "TypeScript/TSX", "description": "This file is a React component defining a custom 404 error page, designed for a Next.js project. It provides fallback content for static export pipeline compatibility, featuring styled elements including links to navigate back home or browse articles.", "external_files": ["next/link", "react"], "external_methods": ["Link"], "published": ["Custom404"], "classes": [], "methods": [{"name": "Custom404", "description": "React functional component rendering a custom 404 error page with navigation links."}], "calls": ["Link"], "search-terms": ["Custom404", "404 page", "Next.js", "React", "TypeScript", "error page", "fallback"], "state": 2, "file_id": 32, "knowledge_revision": 79, "git_revision": "", "ctags": [], "hash": "0eb60a4ff53056be1479b3a306324dc7", "format-version": 4, "code-base-name": "betterify_frontend", "filename": "betterify_frontend/src/pages/404.tsx", "revision_history": [{"79": ""}]}