{"is_source_file": true, "format": "TypeScript (TSX)", "description": "This file defines a React component 'ArticlesClient' for rendering a list of articles with tag-based filtering. It manages client-side filtering using URL search parameters, and displays article cards, tags, and filtering UI.", "external_files": ["@/components/ArticleCard", "@/components/Tag", "next/link", "next/navigation", "@/lib/posts"], "external_methods": ["useSearchParams()", "Link()"], "published": [], "classes": [], "methods": [{"name": "ArticlesClient", "description": "React component for displaying articles with tag filtering functionality."}], "calls": ["useSearchParams()", "sp?.get()", "useMemo()", "posts.filter()", "tags.map()", "filtered.map()"], "search-terms": ["ArticlesClient.tsx", "tag filtering React component", "Next.js article list", "useSearchParams hook", "ArticleCard component", "Tag component"], "state": 2, "file_id": 23, "knowledge_revision": 81, "git_revision": "", "revision_history": [{"61": ""}, {"81": ""}], "ctags": [], "hash": "34f8822275a036a1a4958d445b8c606f", "format-version": 4, "code-base-name": "betterify_frontend", "filename": "betterify_frontend/src/app/articles/ArticlesClient.tsx"}