{"is_source_file": true, "format": "JavaScript (ES Module)", "description": "This file is an ESLint configuration script written in JavaScript, utilizing ES Module syntax to define and export ESLint configuration extensions with Next.js specific settings.", "external_files": ["path", "url", "@eslint/eslintrc"], "external_methods": ["dirname", "fileURLToPath", "FlatCompat.extends"], "published": ["eslintConfig"], "classes": [], "methods": [{"name": "dirname", "description": "Returns the directory name of a path.", "parameters": ["path"], "returns": "directory path"}, {"name": "fileURLToPath", "description": "Converts a file URL to a path.", "parameters": ["file URL"], "returns": "file path"}, {"name": "compat.extends", "description": "Generates an array of extended ESLint configurations based on provided presets.", "parameters": ["...configurations"], "returns": "array of configuration extensions"}], "calls": ["compat.extends(\"next/core-web-vitals\", \"next/typescript\")"], "search-terms": ["eslint configuration", "next js eslint", "eslint.extends", "ES module script", "eslint.config.mjs"], "state": 2, "file_id": 5, "knowledge_revision": 19, "git_revision": "04d078958711f07dc276e9f11b2dc2e99b50bb7b", "hash": "b43f470c5df5e9ff4c2f5e0bd917a881", "format-version": 4, "code-base-name": "betterify_frontend", "filename": "betterify_frontend/eslint.config.mjs", "revision_history": [{"19": "04d078958711f07dc276e9f11b2dc2e99b50bb7b"}]}