{"is_source_file": false, "format": "", "description": "", "external_files": [], "external_methods": [], "published": [], "classes": [], "methods": [], "calls": [], "search-terms": [], "state": 2, "file_id": 4, "knowledge_revision": 27, "git_revision": "04d078958711f07dc276e9f11b2dc2e99b50bb7b", "hash": "49cd3883e96bd9c501bf6cb221b56556", "format-version": 4, "code-base-name": "betterify_frontend", "filename": "betterify_frontend/src/app/globals.css", "revision_history": [{"27": "04d078958711f07dc276e9f11b2dc2e99b50bb7b"}]}