{"is_source_file": false, "format": "", "description": "", "external_files": [], "external_methods": [], "published": [], "classes": [], "methods": [], "calls": [], "search-terms": [], "state": 2, "file_id": 6, "knowledge_revision": 71, "git_revision": "04d078958711f07dc276e9f11b2dc2e99b50bb7b", "hash": "469aaf5c8cc7dfc3478ecff7e6fa8f1a", "format-version": 4, "code-base-name": "betterify_frontend", "filename": "betterify_frontend/package.json", "revision_history": [{"71": "04d078958711f07dc276e9f11b2dc2e99b50bb7b"}]}