{"is_source_file": false, "format": "", "description": "", "external_files": [], "external_methods": [], "published": [], "classes": [], "methods": [], "calls": [], "search-terms": [], "state": 2, "file_id": 10, "knowledge_revision": 48, "git_revision": "04d078958711f07dc276e9f11b2dc2e99b50bb7b", "hash": "fdfa5c6b39b4dbb1abbf936f3797d9e9", "format-version": 4, "code-base-name": "betterify_frontend", "filename": "betterify_frontend/README.md", "revision_history": [{"48": "04d078958711f07dc276e9f11b2dc2e99b50bb7b"}]}