{"is_source_file": true, "format": "TypeScript (TSX)", "description": "This file defines a React component for displaying a 404 Not Found page with navigation links.", "external_files": ["next/link"], "external_methods": ["Link (from 'next/link')"], "published": ["NotFound"], "classes": [], "methods": [{"name": "NotFound", "description": "React functional component rendering a styled 404 error page with navigation links."}], "calls": ["Link (components from 'next/link')"], "search-terms": ["NotFound", "404 page", "React component", "Next.js Link", "error page", "/articles", "/"], "state": 2, "file_id": 2, "knowledge_revision": 44, "git_revision": "04d078958711f07dc276e9f11b2dc2e99b50bb7b", "revision_history": [{"23": "04d078958711f07dc276e9f11b2dc2e99b50bb7b"}, {"44": "04d078958711f07dc276e9f11b2dc2e99b50bb7b"}], "ctags": [], "hash": "6c725511f448d380cb2053e47507ab1b", "format-version": 4, "code-base-name": "betterify_frontend", "filename": "betterify_frontend/src/app/not-found.tsx"}