{"is_source_file": false, "format": "", "description": "", "external_files": [], "external_methods": [], "published": [], "classes": [], "methods": [], "calls": [], "search-terms": [], "state": 2, "file_id": 7, "knowledge_revision": 73, "git_revision": "04d078958711f07dc276e9f11b2dc2e99b50bb7b", "hash": "f8ff0bf88259157507d2544050c5444e", "format-version": 4, "code-base-name": "betterify_frontend", "filename": "betterify_frontend/tsconfig.json", "revision_history": [{"73": "04d078958711f07dc276e9f11b2dc2e99b50bb7b"}]}