{"is_source_file": true, "format": "TypeScript (TSX)", "description": "This file defines a custom Document class for a Next.js application, customizing the server-rendered HTML document structure and metadata.", "external_files": ["next/document"], "external_methods": ["Document", "Head", "Html", "Main", "NextScript"], "published": ["MyDocument"], "classes": [{"name": "MyDocument", "description": "Custom Document class extending Next.js's Document to modify the HTML structure and include additional metadata."}], "methods": [{"name": "render", "description": "Overrides the default render method to define the structure of the HTML document, including language, head tags, and body content."}], "calls": ["Html", "Head", "Main", "NextScript"], "search-terms": ["next/document", "MyDocument", "custom Document", "server-side rendering"], "state": 2, "file_id": 31, "knowledge_revision": 78, "git_revision": "", "ctags": [], "hash": "03e1470d877b3ab20f9141fb41a9883b", "format-version": 4, "code-base-name": "betterify_frontend", "filename": "betterify_frontend/src/pages/_document.tsx", "revision_history": [{"78": ""}]}