{"is_source_file": true, "format": "JavaScript (ES Module, .mjs)", "description": "Configuration file for PostCSS setup using Tailwind CSS plugin.", "external_files": ["@tailwindcss/postcss"], "external_methods": [], "published": ["config"], "classes": [], "methods": [], "calls": ["export default config"], "search-terms": ["postcss.config.mjs", "Tailwind CSS", "PostCSS plugin", "configuration"], "state": 2, "file_id": 9, "knowledge_revision": 18, "git_revision": "04d078958711f07dc276e9f11b2dc2e99b50bb7b", "hash": "675899342e765a4d16acd75a53389101", "format-version": 4, "code-base-name": "betterify_frontend", "filename": "betterify_frontend/postcss.config.mjs", "revision_history": [{"18": "04d078958711f07dc276e9f11b2dc2e99b50bb7b"}]}