{"is_source_file": true, "format": "TypeScript", "description": "Next.js configuration file defining build and export behaviors, including static export settings, image optimization, trailing slash handling, and custom webpack configuration.", "external_files": ["next"], "external_methods": ["require"], "published": ["nextConfig"], "classes": [], "methods": ["webpack"], "calls": ["require"], "search-terms": ["next.config.ts", "NextConfig", "webpack", "static export", "images unoptimized", "trailingSlash"], "state": 2, "file_id": 8, "knowledge_revision": 74, "git_revision": "04d078958711f07dc276e9f11b2dc2e99b50bb7b", "revision_history": [{"22": "04d078958711f07dc276e9f11b2dc2e99b50bb7b"}, {"26": "04d078958711f07dc276e9f11b2dc2e99b50bb7b"}, {"72": "04d078958711f07dc276e9f11b2dc2e99b50bb7b"}, {"74": "04d078958711f07dc276e9f11b2dc2e99b50bb7b"}], "ctags": [{"_type": "tag", "name": "nextConfig", "path": "/home/kavia/workspace/code-generation/serene-beauty-hub-52237-52246/betterify_frontend/next.config.ts", "pattern": "/^const nextConfig: NextConfig = {$/", "language": "TypeScript", "kind": "constant"}, {"_type": "tag", "name": "trailingSlash", "path": "/home/kavia/workspace/code-generation/serene-beauty-hub-52237-52246/betterify_frontend/next.config.ts", "pattern": "/^  trailingSlash: true,$/", "language": "TypeScript", "kind": "constant"}, {"_type": "tag", "name": "webpack", "path": "/home/kavia/workspace/code-generation/serene-beauty-hub-52237-52246/betterify_frontend/next.config.ts", "pattern": "/^  webpack: (config, { isServer }) => {$/", "language": "TypeScript", "kind": "constant"}], "hash": "7964658775a3032dffcbe9a7372511e3", "format-version": 4, "code-base-name": "betterify_frontend", "filename": "betterify_frontend/next.config.ts"}