{"is_source_file": true, "format": "JavaScript module (ESM)", "description": "This file contains Tailwind CSS configuration settings, including theme extensions like colors, box shadows, keyframes, and animations, as well as content paths for class scanning.", "external_files": ["tailwindcss"], "external_methods": [], "published": [], "classes": [], "methods": [], "calls": ["import('tailwindcss').Config"], "search-terms": ["tailwind.config.mjs", "tailwind", "tailwindcss", "config", "theme extension", "colors", "boxShadow", "animations", "keyframes"], "state": 2, "file_id": 30, "knowledge_revision": 69, "git_revision": "", "hash": "f2b34787e34647603d1e83f40a09d51f", "format-version": 4, "code-base-name": "betterify_frontend", "filename": "betterify_frontend/tailwind.config.mjs", "revision_history": [{"69": ""}]}