{"is_source_file": true, "format": "TypeScript (TSX)", "description": "This is a React component source file defining a page for displaying articles. It imports React, utility functions to fetch posts and tags, and a client component to render articles. It includes static data fetching and rendering logic for a page layout.", "external_files": ["@/lib/posts", "./ArticlesClient"], "external_methods": ["getAllPosts", "getAllTags"], "published": ["ArticlesPage", "dynamic"], "classes": [], "methods": [{"name": "ArticlesPage", "description": "React functional component that fetches posts and tags and renders the articles page layout with a Suspense wrapper."}], "calls": ["getAllPosts()", "getAllTags(posts)", "ArticlesClient"], "search-terms": ["ArticlesPage", "page.tsx", "ArticlesClient", "getAllPosts", "getAllTags", "Suspense", "React", "Static markdown posts"], "state": 2, "file_id": 24, "knowledge_revision": 62, "git_revision": "", "ctags": [], "hash": "ff648d5a35723024d206bdc2f6b242ef", "format-version": 4, "code-base-name": "betterify_frontend", "filename": "betterify_frontend/src/app/articles/page.tsx", "revision_history": [{"62": ""}]}