{"is_source_file": true, "format": "TypeScript (TSX)", "description": "React component that renders a Toaster UI for notifications using react-hot-toast library.", "external_files": ["react", "react-hot-toast"], "external_methods": ["React", "Toaster"], "published": [], "classes": [], "methods": [{"name": "ToasterClient", "description": "Functional React component that renders a styled Toaster for toast notifications."}], "calls": ["react-hot-toast.Toaster"], "search-terms": ["ToasterClient", "react-hot-toast", "toastOptions", "bottom-center", "react", "TSX"], "state": 2, "file_id": 21, "knowledge_revision": 59, "git_revision": "", "ctags": [], "hash": "25322834c06dfc1a8627b7f387f0e547", "format-version": 4, "code-base-name": "betterify_frontend", "filename": "betterify_frontend/src/components/ToasterClient.tsx", "revision_history": [{"59": ""}]}