{"is_source_file": true, "format": "TypeScript (TSX/React)", "description": "This file defines a React component for generating an Open Graph image dynamically using Next.js's ImageResponse. It includes static size and content type settings, and uses inline styles within JSX for rendering a styled graphic intended for social media sharing.", "external_files": ["next/og"], "external_methods": ["ImageResponse"], "published": ["runtime", "size", "contentType", "OpenGraphImage"], "classes": [], "methods": [{"name": "OpenGraphImage", "description": "Default React functional component that returns an ImageResponse with styled JSX content for Open Graph image."}], "calls": ["new ImageResponse"], "search-terms": ["OpenGraphImage", "next/og", "ImageResponse", "tsx", "social preview", "OG image"], "state": 2, "file_id": 13, "knowledge_revision": 51, "git_revision": "", "ctags": [], "hash": "f21f410ea7bd9ebed4081b1060ed7dda", "format-version": 4, "code-base-name": "betterify_frontend", "filename": "betterify_frontend/src/app/opengraph-image.tsx", "revision_history": [{"51": ""}]}