{"is_source_file": true, "format": "TypeScript (TSX)", "description": "React functional component for a navigation bar with mobile responsiveness, styling, and route awareness.", "external_files": ["next/link", "next/navigation"], "external_methods": ["usePathname", "Link (from next/link)"], "published": ["default (NavBar)"], "classes": [], "methods": [{"name": "cx", "description": "Utility function to concatenate class names conditionally."}, {"name": "NavBar", "description": "Main React functional component rendering the navigation bar, handling menu toggle and route change effects."}], "calls": ["usePathname", "useState", "useEffect", "useMemo", "Link", "cx"], "search-terms": ["React NavBar component", "Next.js Link", "Mobile menu toggle", "usePathname hook", "Tailwind CSS styling", "Conditional classNames"], "state": 2, "file_id": 18, "knowledge_revision": 56, "git_revision": "", "ctags": [], "hash": "937e400ebe5e9e2fdcd4912c7ca0c1f2", "format-version": 4, "code-base-name": "betterify_frontend", "filename": "betterify_frontend/src/components/NavBar.tsx", "revision_history": [{"56": ""}]}