{"is_source_file": true, "format": "TypeScript/TSX", "description": "Source code for the homepage component of a Next.js frontend application, rendering featured posts, latest posts, categories & tags, and a newsletter sign-up section.", "external_files": ["@/components/Hero", "@/components/ArticleCard", "@/components/NewsletterForm", "@/components/Tag", "@/lib/posts"], "external_methods": ["getAllPosts", "getAllTags"], "published": ["Home"], "classes": [], "methods": [{"name": "Home", "description": "React functional component rendering the homepage with sections for featured posts, latest posts, tags, and newsletter signup."}], "calls": ["getAllPosts()", "getAllTags(posts)", "posts.slice(0, 3)", "posts.slice(0, 6)"], "search-terms": ["page.tsx", "Next.js", "homepage", "ArticleCard", "NewsletterForm", "getAllPosts", "getAllTags", "Featured posts", "Latest posts", "tags"], "state": 2, "file_id": 3, "knowledge_revision": 65, "git_revision": "04d078958711f07dc276e9f11b2dc2e99b50bb7b", "revision_history": [{"20": "04d078958711f07dc276e9f11b2dc2e99b50bb7b"}, {"39": "04d078958711f07dc276e9f11b2dc2e99b50bb7b"}, {"65": "04d078958711f07dc276e9f11b2dc2e99b50bb7b"}], "ctags": [], "hash": "fb3c6e50d0f5183492807bf8db780296", "format-version": 4, "code-base-name": "betterify_frontend", "filename": "betterify_frontend/src/app/page.tsx"}