{"is_source_file": true, "format": "TypeScript/TSX", "description": "React functional component 'Tag' used for rendering a styled link or span element with a label, supporting optional navigation via href.", "external_files": ["next/link", "react"], "external_methods": ["Link"], "published": ["default export: Tag"], "classes": [], "methods": [{"name": "Tag", "description": "React functional component that renders a stylized tag, either as a clickable link if 'href' is provided, or as a span otherwise."}], "calls": ["Link"], "search-terms": ["Tag component", "stylized link", "React functional component", "Next.js Link", "tag pill"], "state": 2, "file_id": 16, "knowledge_revision": 54, "git_revision": "", "ctags": [], "hash": "feaa70ebe0b4084e9beafc58bf9685bb", "format-version": 4, "code-base-name": "betterify_frontend", "filename": "betterify_frontend/src/components/Tag.tsx", "revision_history": [{"54": ""}]}