{"is_source_file": true, "format": "TypeScript (TSX / React)", "description": "This file defines the main layout component for a Next.js application, including metadata configuration, global styles, and the main structural components like NavBar, Footer, AnimatedBackground, and ToasterClient.", "external_files": ["@/components/NavBar", "@/components/Footer", "@/components/AnimatedBackground", "@/components/ToasterClient", "./globals.css"], "external_methods": [], "published": ["metadata"], "classes": [], "methods": [{"name": "RootLayout", "description": "Main layout component that wraps pages with header, footer, background, and other layout elements."}], "calls": ["React.createElement", "new URL", "process.env.NEXT_PUBLIC_FRONTEND_URL.trim", "AnimatedBackground", "NavBar", "Footer", "ToasterClient"], "search-terms": ["Next.js layout", "metadata configuration", "React component", "global styles", "site metadata", "page layout"], "state": 2, "file_id": 1, "knowledge_revision": 70, "git_revision": "04d078958711f07dc276e9f11b2dc2e99b50bb7b", "revision_history": [{"21": "04d078958711f07dc276e9f11b2dc2e99b50bb7b"}, {"28": "04d078958711f07dc276e9f11b2dc2e99b50bb7b"}, {"70": "04d078958711f07dc276e9f11b2dc2e99b50bb7b"}], "ctags": [], "hash": "9155a4793ca58d655945979310205451", "format-version": 4, "code-base-name": "betterify_frontend", "filename": "betterify_frontend/src/app/layout.tsx"}