{"is_source_file": true, "format": "JavaScript", "description": "Tailwind CSS configuration file defining custom themes, colors, box shadows, keyframe animations, and plugins for a frontend project.", "external_files": ["tailwindcss"], "external_methods": [], "published": [], "classes": [], "methods": [], "calls": [], "search-terms": ["tailwind.config.js", "tailwind", "theme", "colors", "shadows", "animations", "keyframes"], "state": 2, "file_id": 12, "knowledge_revision": 25, "git_revision": "", "ctags": [{"_type": "tag", "name": "0%", "path": "/home/kavia/workspace/code-generation/serene-beauty-hub-52237-52246/betterify_frontend/tailwind.config.js", "pattern": "/^          \"0%\": { backgroundPosition: \"0% 50%\" },$/", "language": "JavaScript", "kind": "class", "scope": "module.exports.theme.extend.keyframes.shimmer", "scopeKind": "class"}, {"_type": "tag", "name": "0%", "path": "/home/kavia/workspace/code-generation/serene-beauty-hub-52237-52246/betterify_frontend/tailwind.config.js", "pattern": "/^          \"0%\": { transform: \"translate3d(-5%, -5%, 0)\" },$/", "language": "JavaScript", "kind": "class", "scope": "module.exports.theme.extend.keyframes.drift", "scopeKind": "class"}, {"_type": "tag", "name": "0%, 100%", "path": "/home/kavia/workspace/code-generation/serene-beauty-hub-52237-52246/betterify_frontend/tailwind.config.js", "pattern": "/^          \"0%, 100%\": { transform: \"translate3d(0,0,0) scale(1)\" },$/", "language": "JavaScript", "kind": "class", "scope": "module.exports.theme.extend.keyframes.floatSlow", "scopeKind": "class"}, {"_type": "tag", "name": "100%", "path": "/home/kavia/workspace/code-generation/serene-beauty-hub-52237-52246/betterify_frontend/tailwind.config.js", "pattern": "/^          \"100%\": { backgroundPosition: \"100% 50%\" },$/", "language": "JavaScript", "kind": "class", "scope": "module.exports.theme.extend.keyframes.shimmer", "scopeKind": "class"}, {"_type": "tag", "name": "100%", "path": "/home/kavia/workspace/code-generation/serene-beauty-hub-52237-52246/betterify_frontend/tailwind.config.js", "pattern": "/^          \"100%\": { transform: \"translate3d(-5%, -5%, 0)\" },$/", "language": "JavaScript", "kind": "class", "scope": "module.exports.theme.extend.keyframes.drift", "scopeKind": "class"}, {"_type": "tag", "name": "50%", "path": "/home/kavia/workspace/code-generation/serene-beauty-hub-52237-52246/betterify_frontend/tailwind.config.js", "pattern": "/^          \"50%\": { transform: \"translate3d(0,-16px,0) scale(1.02)\" },$/", "language": "JavaScript", "kind": "class", "scope": "module.exports.theme.extend.keyframes.floatSlow", "scopeKind": "class"}, {"_type": "tag", "name": "50%", "path": "/home/kavia/workspace/code-generation/serene-beauty-hub-52237-52246/betterify_frontend/tailwind.config.js", "pattern": "/^          \"50%\": { transform: \"translate3d(5%, 5%, 0)\" },$/", "language": "JavaScript", "kind": "class", "scope": "module.exports.theme.extend.keyframes.drift", "scopeKind": "class"}, {"_type": "tag", "name": "animation", "path": "/home/kavia/workspace/code-generation/serene-beauty-hub-52237-52246/betterify_frontend/tailwind.config.js", "pattern": "/^      animation: {$/", "language": "JavaScript", "kind": "class", "scope": "module.exports.theme.extend", "scopeKind": "class"}, {"_type": "tag", "name": "backgroundPosition", "path": "/home/kavia/workspace/code-generation/serene-beauty-hub-52237-52246/betterify_frontend/tailwind.config.js", "pattern": "/^          \"0%\": { backgroundPosition: \"0% 50%\" },$/", "language": "JavaScript", "kind": "property", "scope": "module.exports.theme.extend.keyframes.shimmer.0%", "scopeKind": "class"}, {"_type": "tag", "name": "backgroundPosition", "path": "/home/kavia/workspace/code-generation/serene-beauty-hub-52237-52246/betterify_frontend/tailwind.config.js", "pattern": "/^          \"100%\": { backgroundPosition: \"100% 50%\" },$/", "language": "JavaScript", "kind": "property", "scope": "module.exports.theme.extend.keyframes.shimmer.100%", "scopeKind": "class"}, {"_type": "tag", "name": "base0", "path": "/home/kavia/workspace/code-generation/serene-beauty-hub-52237-52246/betterify_frontend/tailwind.config.js", "pattern": "/^          base0: \"#0b0b12\",$/", "language": "JavaScript", "kind": "property", "scope": "module.exports.theme.extend.colors.better", "scopeKind": "class"}, {"_type": "tag", "name": "base1", "path": "/home/kavia/workspace/code-generation/serene-beauty-hub-52237-52246/betterify_frontend/tailwind.config.js", "pattern": "/^          base1: \"#141321\",$/", "language": "JavaScript", "kind": "property", "scope": "module.exports.theme.extend.colors.better", "scopeKind": "class"}, {"_type": "tag", "name": "better", "path": "/home/kavia/workspace/code-generation/serene-beauty-hub-52237-52246/betterify_frontend/tailwind.config.js", "pattern": "/^        better: {$/", "language": "JavaScript", "kind": "class", "scope": "module.exports.theme.extend.colors", "scopeKind": "class"}, {"_type": "tag", "name": "blue", "path": "/home/kavia/workspace/code-generation/serene-beauty-hub-52237-52246/betterify_frontend/tailwind.config.js", "pattern": "/^          blue: \"#3b82f6\",$/", "language": "JavaScript", "kind": "property", "scope": "module.exports.theme.extend.colors.better", "scopeKind": "class"}, {"_type": "tag", "name": "boxShadow", "path": "/home/kavia/workspace/code-generation/serene-beauty-hub-52237-52246/betterify_frontend/tailwind.config.js", "pattern": "/^      boxShadow: {$/", "language": "JavaScript", "kind": "class", "scope": "module.exports.theme.extend", "scopeKind": "class"}, {"_type": "tag", "name": "colors", "path": "/home/kavia/workspace/code-generation/serene-beauty-hub-52237-52246/betterify_frontend/tailwind.config.js", "pattern": "/^      colors: {$/", "language": "JavaScript", "kind": "class", "scope": "module.exports.theme.extend", "scopeKind": "class"}, {"_type": "tag", "name": "content", "path": "/home/kavia/workspace/code-generation/serene-beauty-hub-52237-52246/betterify_frontend/tailwind.config.js", "pattern": "/^  content: [\".\\/src\\/**\\/*.{js,ts,jsx,tsx,mdx}\"],$/", "language": "JavaScript", "kind": "property", "scope": "module.exports", "scopeKind": "class"}, {"_type": "tag", "name": "drift", "path": "/home/kavia/workspace/code-generation/serene-beauty-hub-52237-52246/betterify_frontend/tailwind.config.js", "pattern": "/^        drift: \"drift 18s ease-in-out infinite\",$/", "language": "JavaScript", "kind": "property", "scope": "module.exports.theme.extend.animation", "scopeKind": "class"}, {"_type": "tag", "name": "drift", "path": "/home/kavia/workspace/code-generation/serene-beauty-hub-52237-52246/betterify_frontend/tailwind.config.js", "pattern": "/^        drift: {$/", "language": "JavaScript", "kind": "class", "scope": "module.exports.theme.extend.keyframes", "scopeKind": "class"}, {"_type": "tag", "name": "exports", "path": "/home/kavia/workspace/code-generation/serene-beauty-hub-52237-52246/betterify_frontend/tailwind.config.js", "pattern": "/^module.exports = {$/", "language": "JavaScript", "kind": "class", "scope": "module", "scopeKind": "class"}, {"_type": "tag", "name": "extend", "path": "/home/kavia/workspace/code-generation/serene-beauty-hub-52237-52246/betterify_frontend/tailwind.config.js", "pattern": "/^    extend: {$/", "language": "JavaScript", "kind": "class", "scope": "module.exports.theme", "scopeKind": "class"}, {"_type": "tag", "name": "floatSlow", "path": "/home/kavia/workspace/code-generation/serene-beauty-hub-52237-52246/betterify_frontend/tailwind.config.js", "pattern": "/^        floatSlow: \"floatSlow 8s ease-in-out infinite\",$/", "language": "JavaScript", "kind": "property", "scope": "module.exports.theme.extend.animation", "scopeKind": "class"}, {"_type": "tag", "name": "floatSlow", "path": "/home/kavia/workspace/code-generation/serene-beauty-hub-52237-52246/betterify_frontend/tailwind.config.js", "pattern": "/^        floatSlow: {$/", "language": "JavaScript", "kind": "class", "scope": "module.exports.theme.extend.keyframes", "scopeKind": "class"}, {"_type": "tag", "name": "glow", "path": "/home/kavia/workspace/code-generation/serene-beauty-hub-52237-52246/betterify_frontend/tailwind.config.js", "pattern": "/^        glow: \"0 0 0 1px rgba(124,58,237,0.25), 0 10px 30px rgba(124,58,237,0.18)\",$/", "language": "JavaScript", "kind": "property", "scope": "module.exports.theme.extend.boxShadow", "scopeKind": "class"}, {"_type": "tag", "name": "glow-blue", "path": "/home/kavia/workspace/code-generation/serene-beauty-hub-52237-52246/betterify_frontend/tailwind.config.js", "pattern": "/^        \"glow-blue\":$/", "language": "JavaScript", "kind": "property", "scope": "module.exports.theme.extend.boxShadow", "scopeKind": "class"}, {"_type": "tag", "name": "keyframes", "path": "/home/kavia/workspace/code-generation/serene-beauty-hub-52237-52246/betterify_frontend/tailwind.config.js", "pattern": "/^      keyframes: {$/", "language": "JavaScript", "kind": "class", "scope": "module.exports.theme.extend", "scopeKind": "class"}, {"_type": "tag", "name": "muted", "path": "/home/kavia/workspace/code-generation/serene-beauty-hub-52237-52246/betterify_frontend/tailwind.config.js", "pattern": "/^          muted: \"#a1a1aa\",$/", "language": "JavaScript", "kind": "property", "scope": "module.exports.theme.extend.colors.better", "scopeKind": "class"}, {"_type": "tag", "name": "plugins", "path": "/home/kavia/workspace/code-generation/serene-beauty-hub-52237-52246/betterify_frontend/tailwind.config.js", "pattern": "/^  plugins: [],$/", "language": "JavaScript", "kind": "property", "scope": "module.exports", "scopeKind": "class"}, {"_type": "tag", "name": "purple", "path": "/home/kavia/workspace/code-generation/serene-beauty-hub-52237-52246/betterify_frontend/tailwind.config.js", "pattern": "/^          purple: \"#7c3aed\",$/", "language": "JavaScript", "kind": "property", "scope": "module.exports.theme.extend.colors.better", "scopeKind": "class"}, {"_type": "tag", "name": "shimmer", "path": "/home/kavia/workspace/code-generation/serene-beauty-hub-52237-52246/betterify_frontend/tailwind.config.js", "pattern": "/^        shimmer: \"shimmer 10s ease-in-out infinite\",$/", "language": "JavaScript", "kind": "property", "scope": "module.exports.theme.extend.animation", "scopeKind": "class"}, {"_type": "tag", "name": "shimmer", "path": "/home/kavia/workspace/code-generation/serene-beauty-hub-52237-52246/betterify_frontend/tailwind.config.js", "pattern": "/^        shimmer: {$/", "language": "JavaScript", "kind": "class", "scope": "module.exports.theme.extend.keyframes", "scopeKind": "class"}, {"_type": "tag", "name": "text", "path": "/home/kavia/workspace/code-generation/serene-beauty-hub-52237-52246/betterify_frontend/tailwind.config.js", "pattern": "/^          text: \"#e5e7eb\",$/", "language": "JavaScript", "kind": "property", "scope": "module.exports.theme.extend.colors.better", "scopeKind": "class"}, {"_type": "tag", "name": "theme", "path": "/home/kavia/workspace/code-generation/serene-beauty-hub-52237-52246/betterify_frontend/tailwind.config.js", "pattern": "/^  theme: {$/", "language": "JavaScript", "kind": "class", "scope": "module.exports", "scopeKind": "class"}, {"_type": "tag", "name": "transform", "path": "/home/kavia/workspace/code-generation/serene-beauty-hub-52237-52246/betterify_frontend/tailwind.config.js", "pattern": "/^          \"0%, 100%\": { transform: \"translate3d(0,0,0) scale(1)\" },$/", "language": "JavaScript", "kind": "property", "scope": "module.exports.theme.extend.keyframes.floatSlow.0%, 100%", "scopeKind": "class"}, {"_type": "tag", "name": "transform", "path": "/home/kavia/workspace/code-generation/serene-beauty-hub-52237-52246/betterify_frontend/tailwind.config.js", "pattern": "/^          \"0%\": { transform: \"translate3d(-5%, -5%, 0)\" },$/", "language": "JavaScript", "kind": "property", "scope": "module.exports.theme.extend.keyframes.drift.0%", "scopeKind": "class"}, {"_type": "tag", "name": "transform", "path": "/home/kavia/workspace/code-generation/serene-beauty-hub-52237-52246/betterify_frontend/tailwind.config.js", "pattern": "/^          \"100%\": { transform: \"translate3d(-5%, -5%, 0)\" },$/", "language": "JavaScript", "kind": "property", "scope": "module.exports.theme.extend.keyframes.drift.100%", "scopeKind": "class"}, {"_type": "tag", "name": "transform", "path": "/home/kavia/workspace/code-generation/serene-beauty-hub-52237-52246/betterify_frontend/tailwind.config.js", "pattern": "/^          \"50%\": { transform: \"translate3d(0,-16px,0) scale(1.02)\" },$/", "language": "JavaScript", "kind": "property", "scope": "module.exports.theme.extend.keyframes.floatSlow.50%", "scopeKind": "class"}, {"_type": "tag", "name": "transform", "path": "/home/kavia/workspace/code-generation/serene-beauty-hub-52237-52246/betterify_frontend/tailwind.config.js", "pattern": "/^          \"50%\": { transform: \"translate3d(5%, 5%, 0)\" },$/", "language": "JavaScript", "kind": "property", "scope": "module.exports.theme.extend.keyframes.drift.50%", "scopeKind": "class"}], "hash": "a5e1970e7b794db1e776161828ea595f", "format-version": 4, "code-base-name": "betterify_frontend", "filename": "betterify_frontend/tailwind.config.js", "fields": [{"name": "\"0%\": { backgroundPosition: \"0% 50%\" },", "scope": "module.exports.theme.extend.keyframes.shimmer.0%", "scopeKind": "class", "description": "unavailable"}, {"name": "\"100%\": { backgroundPosition: \"100% 50%\" },", "scope": "module.exports.theme.extend.keyframes.shimmer.100%", "scopeKind": "class", "description": "unavailable"}, {"name": "base0: \"#0b0b12\",", "scope": "module.exports.theme.extend.colors.better", "scopeKind": "class", "description": "unavailable"}, {"name": "base1: \"#141321\",", "scope": "module.exports.theme.extend.colors.better", "scopeKind": "class", "description": "unavailable"}, {"name": "blue: \"#3b82f6\",", "scope": "module.exports.theme.extend.colors.better", "scopeKind": "class", "description": "unavailable"}, {"name": "content: [\".\\/src\\/**\\/*.{js,ts,jsx,tsx,mdx}\"],", "scope": "module.exports", "scopeKind": "class", "description": "unavailable"}, {"name": "drift: \"drift 18s ease-in-out infinite\",", "scope": "module.exports.theme.extend.animation", "scopeKind": "class", "description": "unavailable"}, {"name": "floatSlow: \"floatSlow 8s ease-in-out infinite\",", "scope": "module.exports.theme.extend.animation", "scopeKind": "class", "description": "unavailable"}, {"name": "glow: \"0 0 0 1px rgba(124,58,237,0.25), 0 10px 30px rgba(124,58,237,0.18)\",", "scope": "module.exports.theme.extend.boxShadow", "scopeKind": "class", "description": "unavailable"}, {"name": "\"glow-blue\":", "scope": "module.exports.theme.extend.boxShadow", "scopeKind": "class", "description": "unavailable"}, {"name": "muted: \"#a1a1aa\",", "scope": "module.exports.theme.extend.colors.better", "scopeKind": "class", "description": "unavailable"}, {"name": "plugins: [],", "scope": "module.exports", "scopeKind": "class", "description": "unavailable"}, {"name": "purple: \"#7c3aed\",", "scope": "module.exports.theme.extend.colors.better", "scopeKind": "class", "description": "unavailable"}, {"name": "shimmer: \"shimmer 10s ease-in-out infinite\",", "scope": "module.exports.theme.extend.animation", "scopeKind": "class", "description": "unavailable"}, {"name": "text: \"#e5e7eb\",", "scope": "module.exports.theme.extend.colors.better", "scopeKind": "class", "description": "unavailable"}, {"name": "\"0%, 100%\": { transform: \"translate3d(0,0,0) scale(1)\" },", "scope": "module.exports.theme.extend.keyframes.floatSlow.0%, 100%", "scopeKind": "class", "description": "unavailable"}, {"name": "\"0%\": { transform: \"translate3d(-5%, -5%, 0)\" },", "scope": "module.exports.theme.extend.keyframes.drift.0%", "scopeKind": "class", "description": "unavailable"}, {"name": "\"100%\": { transform: \"translate3d(-5%, -5%, 0)\" },", "scope": "module.exports.theme.extend.keyframes.drift.100%", "scopeKind": "class", "description": "unavailable"}, {"name": "\"50%\": { transform: \"translate3d(0,-16px,0) scale(1.02)\" },", "scope": "module.exports.theme.extend.keyframes.floatSlow.50%", "scopeKind": "class", "description": "unavailable"}, {"name": "\"50%\": { transform: \"translate3d(5%, 5%, 0)\" },", "scope": "module.exports.theme.extend.keyframes.drift.50%", "scopeKind": "class", "description": "unavailable"}], "revision_history": [{"25": ""}]}