{"is_source_file": true, "format": "TypeScript (TSX)", "description": "This file defines a React functional component named Hero, which renders a stylized hero section with animated visual effects and links for navigation. It uses Next.js Link component, Framer Motion for animations, and Tailwind CSS classes for styling.", "external_files": ["next/link", "react", "framer-motion"], "external_methods": ["Link (from next/link)", "motion.h1", "motion.p"], "published": [], "classes": [], "methods": [{"name": "Hero", "description": "React functional component returning JSX for hero section with animations and styling."}], "calls": ["Link (from next/link)", "motion.h1", "motion.p"], "search-terms": ["Hero.tsx", "react component", "animated hero section", "Next.js Link", "framer-motion", "styled with Tailwind CSS", "serene messaging", "gradient veil", "curated content"], "state": 2, "file_id": 19, "knowledge_revision": 57, "git_revision": "", "ctags": [], "hash": "517484c6c029de5bcd48012cad70f20e", "format-version": 4, "code-base-name": "betterify_frontend", "filename": "betterify_frontend/src/components/Hero.tsx", "revision_history": [{"57": ""}]}