{"is_source_file": true, "format": "TypeScript/TSX", "description": "A React functional component 'AnimatedBackground' that renders a decorative, animated background with CSS effects such as radial gradients, blurs, and animations. It is kept lightweight, non-interactive, and used behind all page content.", "external_files": [], "external_methods": [], "published": ["AnimatedBackground"], "classes": [], "methods": [{"name": "AnimatedBackground", "description": "React functional component that returns JSX for a decorative animated background."}], "calls": ["React.createElement", "React.Fragment"], "search-terms": ["AnimatedBackground", "CSS gradients", "react component", "decorative background"], "state": 2, "file_id": 15, "knowledge_revision": 53, "git_revision": "", "ctags": [], "hash": "21ea33efc6229a52fbd29023ebb52232", "format-version": 4, "code-base-name": "betterify_frontend", "filename": "betterify_frontend/src/components/AnimatedBackground.tsx", "revision_history": [{"53": ""}]}