{"is_source_file": true, "format": "TypeScript/TSX", "description": "React component for a newsletter sign-up form with client-side validation and toast notifications.", "external_files": ["react", "react-hot-toast"], "external_methods": ["toast.error", "toast.success"], "published": [], "classes": [], "methods": [{"name": "NewsletterForm", "description": "React functional component implementing a newsletter sign-up form with email validation and toast notifications."}, {"name": "onSubmit", "description": "Handles form submission, validates email, shows success or error toast, and simulates async operation."}], "calls": ["React.useState", "toast.error", "toast.success", "setTimeout", "setEmail", "setPending", "setPending(false)", "setEmail('')"], "search-terms": ["NewsletterForm", "React.FormEvent", "useState", "toast", "email validation", "TSX form component"], "state": 2, "file_id": 20, "knowledge_revision": 58, "git_revision": "", "ctags": [], "hash": "7133a88a6567a5f4ca6067c2f945e760", "format-version": 4, "code-base-name": "betterify_frontend", "filename": "betterify_frontend/src/components/NewsletterForm.tsx", "revision_history": [{"58": ""}]}