{"is_source_file": true, "format": "TypeScript/React (TSX)", "description": "This is a React component file for a custom error page in a Next.js project. It exports a default functional component rendering a static error message with links to the homepage and articles page.", "external_files": ["next/link"], "external_methods": ["Link (from \"next/link\")"], "published": ["default (ErrorPage)"], "classes": [], "methods": [{"name": "ErrorPage", "description": "Functional React component rendering a static error page layout."}], "calls": ["Link (component)", "href (prop of Link)"], "search-terms": ["ErrorPage", "next/link", "TSX", "React error page", "Next.js static error"], "state": 2, "file_id": 33, "knowledge_revision": 80, "git_revision": "", "ctags": [], "hash": "36b8dfa62d58ceb99b6fbdb7b7bf91a1", "format-version": 4, "code-base-name": "betterify_frontend", "filename": "betterify_frontend/src/pages/_error.tsx", "revision_history": [{"80": ""}]}