{"is_source_file": true, "format": "TypeScript (React/JSX/TSX)", "description": "This file defines a React component for the About page of the 'Betterify' frontend application, including static content describing the project.", "external_files": ["react"], "external_methods": [], "published": ["dynamic", "AboutPage"], "classes": [], "methods": [{"name": "AboutPage", "description": "React functional component rendering the About page content"}], "calls": [], "search-terms": ["AboutPage", "React", "static content", "/content", "page.tsx", "Betterify", "frontend", "React component"], "state": 2, "file_id": 26, "knowledge_revision": 64, "git_revision": "", "ctags": [], "hash": "e1206081840fc01d548c739243200f35", "format-version": 4, "code-base-name": "betterify_frontend", "filename": "betterify_frontend/src/app/about/page.tsx", "revision_history": [{"64": ""}]}