{"is_source_file": true, "format": "TypeScript (React/TSX)", "description": "A React component named 'ArticleCard' designed to display article information with visual effects and styling, used in a Next.js project.", "external_files": ["next/link", "next/image", "@/components/Tag", "framer-motion"], "external_methods": ["Link", "Image", "motion.article"], "published": ["ArticleCard"], "classes": [], "methods": [{"name": "ArticleCard", "description": "React functional component rendering a styled article preview with motion effects, images, tags, and link."}], "calls": ["Link", "Image", "motion.article"], "search-terms": ["ArticleCard", "React component", "TypeScript", "Next.js", "motion effects", "article preview", "Tag component"], "state": 2, "file_id": 17, "knowledge_revision": 55, "git_revision": "", "ctags": [], "hash": "918a23bfe70bc63320ad12552c9e0274", "format-version": 4, "code-base-name": "betterify_frontend", "filename": "betterify_frontend/src/components/ArticleCard.tsx", "revision_history": [{"55": ""}]}