{"is_source_file": true, "format": "TypeScript/TSX (React component)", "description": "This file defines a React functional component named Footer that renders a website footer with navigation links and site description, styled using Tailwind CSS.", "external_files": ["next/link"], "external_methods": ["Link"], "published": ["Footer"], "classes": [], "methods": [{"name": "Footer", "description": "React functional component rendering the footer section of the website."}], "calls": ["new Date()"], "search-terms": ["Footer", "React", "Tailwind CSS", "Next.js Link", "Footer component", "site footer", "navigation links"], "state": 2, "file_id": 22, "knowledge_revision": 60, "git_revision": "", "ctags": [], "hash": "fe96e1944b6a00473a6578d7e301947c", "format-version": 4, "code-base-name": "betterify_frontend", "filename": "betterify_frontend/src/components/Footer.tsx", "revision_history": [{"60": ""}]}