{"is_source_file": false, "format": "", "description": "", "external_files": [], "external_methods": [], "published": [], "classes": [], "methods": [], "calls": [], "search-terms": [], "state": 2, "file_id": 11, "knowledge_revision": 16, "git_revision": "4dc230874939d2140fb06b7578b27be52aa71ab6", "hash": "296919f4ad88f3b1674f180b4b67b689", "format-version": 4, "code-base-name": "betterify_frontend", "filename": "README.md", "revision_history": [{"16": "4dc230874939d2140fb06b7578b27be52aa71ab6"}]}